<?xml version="1.0" encoding="UTF-8"?>
<project-private xmlns="http://www.netbeans.org/ns/project-private/1">
    <editor-bookmarks xmlns="http://www.netbeans.org/ns/editor-bookmarks/2" lastBookmarkId="0"/>
    <open-files xmlns="http://www.netbeans.org/ns/projectui-open-files/2">
        <group>
            <file>file:/Applications/MAMP/htdocs/TP4/TP4_Decary_Belland/src/modele/Fonds.java</file>
            <file>file:/Applications/MAMP/htdocs/TP4/TP4_Decary_Belland/src/vue/FondExistant.java</file>
            <file>file:/Applications/MAMP/htdocs/TP4/TP4_Decary_Belland/src/vue/InstrumentInexistant.java</file>
            <file>file:/Applications/MAMP/htdocs/TP4/TP4_Decary_Belland/src/controller/Investissement.java</file>
            <file>file:/Applications/MAMP/htdocs/TP4/TP4_Decary_Belland/src/vue/Statistiques.java</file>
            <file>file:/Applications/MAMP/htdocs/TP4/TP4_Decary_Belland/src/modele/Instrument.java</file>
            <file>file:/Applications/MAMP/htdocs/TP4/TP4_Decary_Belland/src/vue/FondInexistant.java</file>
            <file>file:/Applications/MAMP/htdocs/TP4/TP4_Decary_Belland/src/modele/Portefeuille.java</file>
            <file>file:/Applications/MAMP/htdocs/TP4/TP4_Decary_Belland/src/controller/Exception.java</file>
        </group>
    </open-files>
</project-private>
